method,CDR,MAPE,MSE,MAE
LA,0.8125,3.5465049288855766,0.5308719106557919,0.602488270114389
LR,0.9375,0.4941298241342026,0.02962873037614294,0.1537515342085966
SDL,1.0,0.292625831788263,0.009449850960140971,0.08595193779660674
DeDL,1.0,0.22202313316185365,0.002861324016521949,0.04262805675041982
PDL,1.0,0.4300444901691117,0.13467507817417243,0.2558899849033459
