Estimator,CDRu_frac,CDRu,MAPEu_%,MSEu,MAEu
LA,7/10,0.7,151.7213653841048,0.7200523890099608,0.7406722054417241
LR,10/10,1.0,32.95980169203795,0.04341146553847919,0.2024808958704578
PDL,10/10,1.0,54.32581646201442,0.21508817770869912,0.3980831873426348
SDL,10/10,1.0,18.320939744580944,0.013941298396472757,0.11435304427789579
DeDL,10/10,1.0,10.04867198355383,0.004231367407424976,0.058044829166401704
