Estimator,CDR_frac,CDR,MAPE_%,MSE,MAE
LA,12/16,0.75,354.650492888558,0.5308719106557919,0.602488270114389
LR,15/16,0.9375,49.412982413420266,0.029628730376142935,0.1537515342085966
PDL,15/16,0.9375,43.00444901691118,0.13467507817417246,0.2558899849033459
SDL,16/16,1.0,29.26258317882631,0.009449850960140976,0.08595193779660679
DeDL,15/16,0.9375,22.202313316185382,0.0028613240165219506,0.042628056750419835
