Estimator,CDR_frac,CDR,MAPE_%,MSE,MAE
LA,13/16,0.8125,460.1129627107723,0.35160522934190036,0.4870851150088734
LR,15/16,0.9375,45.56564930879494,0.006854605748009876,0.06826616349270301
PDL,14/16,0.875,249.8435008693611,0.21286438312374686,0.3752059123380326
SDL,15/16,0.9375,26.990832351939765,0.002415433697525972,0.04106711970411025
DeDL,14/16,0.875,38.25345348539093,0.0014783272635784253,0.029949067366472577
